"uid","score"
1,557.687315030489
2,897.731486568227
